<?xml version="1.0"?>
<doc>
    <assembly>
        <name>Livraria</name>
    </assembly>
    <members>
        <member name="T:Livraria.Controllers.LivroController">
            <summary>
            Recurso para operações de livro
            </summary>
        </member>
        <member name="M:Livraria.Controllers.LivroController.Get(System.String,System.String,System.String,System.Int32,System.Int32)">
            <summary>
            Recupera uma lista de livros existentes no sistema.
            </summary>
            <param name="isbn">ISBN do Livro</param>
            <param name="titulo">Título ou parte do título do livro</param>
            <param name="offset">Indica um salto na lista</param>
            <param name="quantidade">Indica a quantidade máxima de registros, sendo limitado a 100. Valor default 20. </param>
            <returns>Lista de Livros</returns>
        </member>
        <member name="M:Livraria.Controllers.LivroController.Get(System.String)">
            <summary>
            Recupera detalhes de um livro em especifico informado atraves do isbn.
            </summary>
            <param name="id"></param>
            <returns></returns>
        </member>
    </members>
</doc>
